-- MySQL dump 10.13  Distrib 8.0.18, for macos10.14 (x86_64)
--
-- Host: localhost    Database: Purbeurre
-- ------------------------------------------------------
-- Server version	8.0.18

/*!40101 SET @OLD_CHARACTER_SET_CLIENT=@@CHARACTER_SET_CLIENT */;
/*!40101 SET @OLD_CHARACTER_SET_RESULTS=@@CHARACTER_SET_RESULTS */;
/*!40101 SET @OLD_COLLATION_CONNECTION=@@COLLATION_CONNECTION */;
/*!50503 SET NAMES utf8mb4 */;
/*!40103 SET @OLD_TIME_ZONE=@@TIME_ZONE */;
/*!40103 SET TIME_ZONE='+00:00' */;
/*!40014 SET @OLD_UNIQUE_CHECKS=@@UNIQUE_CHECKS, UNIQUE_CHECKS=0 */;
/*!40014 SET @OLD_FOREIGN_KEY_CHECKS=@@FOREIGN_KEY_CHECKS, FOREIGN_KEY_CHECKS=0 */;
/*!40101 SET @OLD_SQL_MODE=@@SQL_MODE, SQL_MODE='NO_AUTO_VALUE_ON_ZERO' */;
/*!40111 SET @OLD_SQL_NOTES=@@SQL_NOTES, SQL_NOTES=0 */;

--
-- Table structure for table `categories_products`
--

DROP TABLE IF EXISTS `categories_products`;
/*!40101 SET @saved_cs_client     = @@character_set_client */;
/*!50503 SET character_set_client = utf8mb4 */;
CREATE TABLE `categories_products` (
  `id_cat` int(10) unsigned NOT NULL,
  `id_prod` bigint(20) unsigned NOT NULL,
  PRIMARY KEY (`id_cat`,`id_prod`),
  KEY `fk_id_prod` (`id_prod`),
  CONSTRAINT `fk_id_cat` FOREIGN KEY (`id_cat`) REFERENCES `category` (`id`),
  CONSTRAINT `fk_id_prod` FOREIGN KEY (`id_prod`) REFERENCES `products` (`id`)
) ENGINE=InnoDB DEFAULT CHARSET=utf8mb4 COLLATE=utf8mb4_unicode_ci;
/*!40101 SET character_set_client = @saved_cs_client */;

--
-- Dumping data for table `categories_products`
--

LOCK TABLES `categories_products` WRITE;
/*!40000 ALTER TABLE `categories_products` DISABLE KEYS */;
INSERT INTO `categories_products` VALUES (9,12454143),(8,20023775),(9,20201456),(9,20724696),(9,80042556),(7,3019081236250),(8,3019081236250),(7,3019081236267),(9,3021760400012),(9,3021762383306),(9,3021762383313),(9,3021769505602),(7,3024720022422),(7,3024720026895),(1,3029330003458),(2,3029330003458),(10,3029330003458),(6,3033490004521),(3,3033710065066),(4,3033710065066),(5,3033710065066),(4,3033710065967),(8,3038352880305),(3,3045140105502),(5,3045140105502),(9,3045320008401),(9,3045320008494),(9,3045320517101),(3,3046920022606),(5,3046920022606),(3,3046920022651),(5,3046920022651),(4,3068320115160),(6,3073781070309),(8,3083680484466),(8,3083680973939),(8,3083681055269),(8,3083681081534),(7,3095756193011),(7,3095757370015),(7,3095757697105),(7,3154230030294),(1,3155250358788),(2,3155250358788),(6,3155251205500),(6,3155251205524),(1,3159470000120),(2,3159470000120),(10,3159470000120),(10,3168930009078),(10,3168930010265),(3,3175680011480),(5,3175680011480),(3,3175680011534),(5,3175680011534),(8,3175681028111),(3,3175681851849),(5,3175681851849),(9,3175681854482),(6,3176582033563),(10,3182180012190),(6,3228021170022),(6,3228021170039),(6,3228021170053),(1,3228857000166),(2,3228857000166),(10,3228857000166),(3,3228857000647),(5,3228857000647),(1,3228857000852),(2,3228857000852),(10,3228857000852),(1,3228857000906),(2,3228857000906),(10,3228857000906),(4,3228886030011),(4,3228886048436),(1,3229820019307),(2,3229820019307),(10,3229820019307),(3,3229820021027),(5,3229820021027),(3,3229820100234),(5,3229820100234),(1,3229820129488),(2,3229820129488),(10,3229820129488),(1,3229820160672),(2,3229820160672),(10,3229820160672),(1,3229820782560),(2,3229820782560),(10,3229820782560),(8,3242274000059),(9,3242274000059),(8,3242274001056),(9,3242274001056),(8,3242274002053),(8,3242274003050),(9,3242274003050),(5,3251490307002),(3,3251490332080),(5,3251490332080),(6,3252210390014),(3,3256540000698),(5,3256540000698),(7,3266980033613),(4,3268840001008),(6,3272770097642),(4,3274080005003),(8,3281780887914),(8,3281780887938),(8,3302745733029),(1,3392460480827),(2,3392460480827),(10,3392460480827),(6,3451790011245),(6,3451790988677),(6,3451790988813),(6,3480341000674),(1,3502110009449),(4,3502110009449),(6,3523230028431),(6,3533631572006),(8,3564700309575),(8,3600900011037),(9,3608580758686),(9,3608580823445),(9,3608580823452),(1,3760049790214),(2,3760049790214),(10,3760049790214),(10,4056489007180),(4,5000112611861),(1,5010477348357),(2,5010477348357),(10,5010477348357),(2,5010477348395),(10,5010477348395),(1,5010477348630),(2,5010477348630),(10,5010477348630),(1,5010477348678),(2,5010477348678),(10,5010477348678),(8,5038862136075),(9,5038862136075),(3,5410041001204),(1,5410188031072),(2,5410188031072),(8,5410188031072),(9,5410188031072),(6,5411188118961),(4,5449000000996),(1,7613034626844),(2,7613034626844),(10,7613034626844),(7,7613034897503),(7,7613034926814),(3,7613035040823),(5,7613035040823),(7,7613035336100),(7,7613035336131),(4,7613035530799),(6,7613035866386),(4,7613035974685),(7,7613035989443),(7,7613035989535),(7,7613035989566),(7,7613036024419),(7,7613036635837),(7,7613036761420),(3,7622210449283),(5,7622210449283),(3,7622210601988),(5,7622210601988),(3,7622210713780),(5,7622210713780),(3,7622210713889),(5,7622210713889),(6,8000430138719),(3,8000500310427),(5,8000500310427);
/*!40000 ALTER TABLE `categories_products` ENABLE KEYS */;
UNLOCK TABLES;

--
-- Table structure for table `category`
--

DROP TABLE IF EXISTS `category`;
/*!40101 SET @saved_cs_client     = @@character_set_client */;
/*!50503 SET character_set_client = utf8mb4 */;
CREATE TABLE `category` (
  `id` int(10) unsigned NOT NULL AUTO_INCREMENT,
  `name` varchar(200) COLLATE utf8mb4_unicode_ci NOT NULL,
  PRIMARY KEY (`id`),
  UNIQUE KEY `name` (`name`)
) ENGINE=InnoDB AUTO_INCREMENT=11 DEFAULT CHARSET=utf8mb4 COLLATE=utf8mb4_unicode_ci;
/*!40101 SET character_set_client = @saved_cs_client */;

--
-- Dumping data for table `category`
--

LOCK TABLES `category` WRITE;
/*!40000 ALTER TABLE `category` DISABLE KEYS */;
INSERT INTO `category` VALUES (9,'Aliments à base de fruits et de légumes'),(2,'Aliments d\'origine végétale'),(1,'Aliments et boissons à base de végétaux'),(4,'Boissons'),(10,'Céréales et pommes de terre'),(8,'Plats préparés'),(6,'Produits laitiers'),(3,'Snacks'),(5,'Snacks sucrés'),(7,'Viandes');
/*!40000 ALTER TABLE `category` ENABLE KEYS */;
UNLOCK TABLES;

--
-- Table structure for table `favorite`
--

DROP TABLE IF EXISTS `favorite`;
/*!40101 SET @saved_cs_client     = @@character_set_client */;
/*!50503 SET character_set_client = utf8mb4 */;
CREATE TABLE `favorite` (
  `id_compared` bigint(20) unsigned NOT NULL,
  `id_substitute` bigint(20) unsigned NOT NULL,
  PRIMARY KEY (`id_compared`,`id_substitute`),
  KEY `fk_id_substitute` (`id_substitute`),
  CONSTRAINT `fk_id_compared` FOREIGN KEY (`id_compared`) REFERENCES `products` (`id`),
  CONSTRAINT `fk_id_substitute` FOREIGN KEY (`id_substitute`) REFERENCES `products` (`id`)
) ENGINE=InnoDB DEFAULT CHARSET=utf8mb4 COLLATE=utf8mb4_unicode_ci;
/*!40101 SET character_set_client = @saved_cs_client */;

--
-- Dumping data for table `favorite`
--

LOCK TABLES `favorite` WRITE;
/*!40000 ALTER TABLE `favorite` DISABLE KEYS */;
/*!40000 ALTER TABLE `favorite` ENABLE KEYS */;
UNLOCK TABLES;

--
-- Table structure for table `products`
--

DROP TABLE IF EXISTS `products`;
/*!40101 SET @saved_cs_client     = @@character_set_client */;
/*!50503 SET character_set_client = utf8mb4 */;
CREATE TABLE `products` (
  `id` bigint(20) unsigned NOT NULL,
  `brands` varchar(100) COLLATE utf8mb4_unicode_ci NOT NULL,
  `product_name_fr` varchar(200) COLLATE utf8mb4_unicode_ci NOT NULL,
  `nutrition_grade_fr` char(1) COLLATE utf8mb4_unicode_ci NOT NULL,
  `stores` varchar(200) COLLATE utf8mb4_unicode_ci NOT NULL,
  `url` varchar(500) COLLATE utf8mb4_unicode_ci NOT NULL,
  PRIMARY KEY (`id`)
) ENGINE=InnoDB DEFAULT CHARSET=utf8mb4 COLLATE=utf8mb4_unicode_ci;
/*!40101 SET character_set_client = @saved_cs_client */;

--
-- Dumping data for table `products`
--

LOCK TABLES `products` WRITE;
/*!40000 ALTER TABLE `products` DISABLE KEYS */;
INSERT INTO `products` VALUES (12454143,'Carrefour','Compote pomme vanille','a','Carrefour','https://fr.openfoodfacts.org/produit/12454143/compote-pomme-vanille-carrefour'),(20023775,'Chef Select','Taboulé orientale','c','Lidl','https://fr.openfoodfacts.org/produit/20023775/taboule-orientale-chef-select'),(20201456,'Solevita','Walnuss Kerne','d','Lidl','https://fr.openfoodfacts.org/produit/20201456/walnuss-kerne-solevita'),(20724696,'Alesto','Amandes de Californie','a','Lidl','https://fr.openfoodfacts.org/produit/20724696/amandes-de-californie-alesto'),(80042556,'Mutti','Polpa tomates concassées fines','a','Intermarché,Woolworths','https://fr.openfoodfacts.org/produit/80042556/polpa-tomates-concassees-fines-mutti'),(3019081236250,'Petit Navire','Rillettes de thon','c','Leclerc,Magasins U,Carrefour','https://fr.openfoodfacts.org/produit/3019081236250/rillettes-de-thon-petit-navire'),(3019081236267,'Petit Navire','Rillettes de saumon','b','Carrefour,Magasins U','https://fr.openfoodfacts.org/produit/3019081236267/rillettes-de-saumon-petit-navire'),(3021760400012,'Materne,Pom\' Potes','Pom\'Potes Pomme','a','Banque alimentaire','https://fr.openfoodfacts.org/produit/3021760400012/pom-potes-pomme-materne'),(3021762383306,'Materne','Confipote Fraise','c','Auchan,Carrefour,Magasins U','https://fr.openfoodfacts.org/produit/3021762383306/confipote-fraise-materne'),(3021762383313,'Materne','Confipote l\'abricot','c','Carrefour,Magasins U,Centre commercial,Houra,Monoprix','https://fr.openfoodfacts.org/produit/3021762383313/confipote-l-abricot-materne'),(3021769505602,'Materne','Pom\'Potes (Pomme)','a','Carrefour','https://fr.openfoodfacts.org/produit/3021769505602/pom-potes-pomme-materne'),(3024720022422,'Bordeau Chesnel','Rillettes du Mans La Véritable','e','Magasins U,Leclerc,Intermarché,Auchan,Carrefour','https://fr.openfoodfacts.org/produit/3024720022422/rillettes-du-mans-la-veritable-bordeau-chesnel'),(3024720026895,'Bordeau Chesnel','Rillette','d','Franprix,Magasins U,Intermarché,Carrefour,Leclerc,Monoprix,Auchan','https://fr.openfoodfacts.org/produit/3024720026895/rillette-bordeau-chesnel'),(3029330003458,'Jacquet','Pain de mie','a','Auchan,Magasins U','https://fr.openfoodfacts.org/produit/3029330003458/pain-de-mie-jacquet'),(3033490004521,'Danone','Le Nature','a','Intermarché,Magasins U','https://fr.openfoodfacts.org/produit/3033490004521/le-nature-danone'),(3033710065066,'Nestlé,Nesquik','Nesquik','c','Intermarché,Cora,Magasins U,Leclerc','https://fr.openfoodfacts.org/produit/3033710065066/nesquik-nestle'),(3033710065967,'Nestlé','Nesquik','b','Cora,Magasins U,intermarché','https://fr.openfoodfacts.org/produit/3033710065967/nesquik-nestle'),(3038352880305,'Panzani','Le Ravioli, Pur Bœuf','b','Banque alimentaire,Franprix,Intermarché,Auchan','https://fr.openfoodfacts.org/produit/3038352880305/le-ravioli-pur-boeuf-panzani'),(3045140105502,'Milka','Milka chocolat','e','Intermarché,Leclerc,Carrefour,Aldi,eroski,Woolworths,REWE','https://fr.openfoodfacts.org/produit/3045140105502/milka-chocolat'),(3045320008401,'Andros','Confiture Allégée Fraises','c','Magasins U,Bi1','https://fr.openfoodfacts.org/produit/3045320008401/confiture-allegee-fraises-andros'),(3045320008494,'Andros','Confiture Allégée Abricots','c','Carrefour,Magasins U','https://fr.openfoodfacts.org/produit/3045320008494/confiture-allegee-abricots-andros'),(3045320517101,'Andros','Compote de pomme allégée','a','Carrefour,Magasins U','https://fr.openfoodfacts.org/produit/3045320517101/compote-de-pomme-allegee-andros'),(3046920022606,'Lindt,Lindt Excellence','Chocolat Noir 85% Cacao','e','Magasins U,carrefour','https://fr.openfoodfacts.org/produit/3046920022606/chocolat-noir-85-cacao-lindt'),(3046920022651,'Lindt,Lindt EXCELLENCE','Excellence 70% Cacao Noir Intense','e','Magasins U,carrefour','https://fr.openfoodfacts.org/produit/3046920022651/excellence-70-cacao-noir-intense-lindt'),(3068320115160,'Salvetat','La Salvetat','a','Auchan','https://fr.openfoodfacts.org/produit/3068320115160/la-salvetat'),(3073781070309,'La Vache qui Rit','La Vache qui rit®','d','Magasins U','https://fr.openfoodfacts.org/produit/3073781070309/la-vache-qui-rit'),(3083680484466,'Bonduelle','Taboulé oriental','b','Leclerc,Franprix,Magasins U','https://fr.openfoodfacts.org/produit/3083680484466/taboule-oriental-bonduelle'),(3083680973939,'Cassegrain','Ratatouille cuisinée à la Provençale','b','Intermarché,Magasins U','https://fr.openfoodfacts.org/produit/3083680973939/ratatouille-cuisinee-a-la-provencale-cassegrain'),(3083681055269,'Bonduelle','Taboulé poulet rôti','a','Cora,Franprix,Casino,Magasins U','https://fr.openfoodfacts.org/produit/3083681055269/taboule-poulet-roti-bonduelle'),(3083681081534,'Bonduelle','Carottes râpées au Citron de Sicile','a','Magasins U','https://fr.openfoodfacts.org/produit/3083681081534/carottes-rapees-au-citron-de-sicile-bonduelle'),(3095756193011,'Fleury Michon','Blanc de poulet doré au four - 4 tr','c','Super U,Franprix,Magasins U','https://fr.openfoodfacts.org/produit/3095756193011/blanc-de-poulet-dore-au-four-4-tr-fleury-michon'),(3095757370015,'Fleury Michon','Le supérieur cuit à l\'étouffée -25%  sel* - 4 tranches','b','Super U,Magasins U','https://fr.openfoodfacts.org/produit/3095757370015/le-superieur-cuit-a-l-etouffee-25-sel-4-tranches-fleury-michon'),(3095757697105,'Fleury Michon','Blanc de poulet doré au four -25% de sel* - 4tr','b','Super U,Magasins U','https://fr.openfoodfacts.org/produit/3095757697105/blanc-de-poulet-dore-au-four-25-de-sel-4tr-fleury-michon'),(3154230030294,'Herta,Nestlé,Le Bon Paris','Le Bon Paris, - 25 % sel','b','Super U','https://fr.openfoodfacts.org/produit/3154230030294/le-bon-paris-25-sel-herta'),(3155250358788,'Primevère','Primevère Bio Tartine & Cuisson','c','Carrefour','https://fr.openfoodfacts.org/produit/3155250358788/primevere-bio-tartine-cuisson'),(3155251205500,'Président','Beurre doux gastronomique','e','Magasins U','https://fr.openfoodfacts.org/produit/3155251205500/beurre-doux-gastronomique-president'),(3155251205524,'Président','Beurre Tendre Doux','e','Leclerc,Magasins U','https://fr.openfoodfacts.org/produit/3155251205524/beurre-tendre-doux-president'),(3159470000120,'Kellogg\'s','Corn Flakes','c','Cora,Magasins U,Delhaize','https://fr.openfoodfacts.org/produit/3159470000120/corn-flakes-kellogg-s'),(3168930009078,'Quaker,Quaker Oats','Quaker Oats','a','Magasins U,Leclerc','https://fr.openfoodfacts.org/produit/3168930009078/quaker-oats'),(3168930010265,'Quaker,Cruesli','Cruesli','a','Intermarché, Magasins U','https://fr.openfoodfacts.org/produit/3168930010265/cruesli-quaker'),(3175680011480,'Gerblé','Biscuit Sésame','c','carrefour auchan','https://fr.openfoodfacts.org/produit/3175680011480/biscuit-sesame-gerble'),(3175680011534,'Gerblé','Biscuit lait chocolat','d','Intermarché,Carrefour,Carrefour Market,Auchan,Magasins U,Monoprix','https://fr.openfoodfacts.org/produit/3175680011534/biscuit-lait-chocolat-gerble'),(3175681028111,'Céréal Bio','Galettes Quinoa et Boulghour à la tomate','b','Carrefour Market,Magasins U','https://fr.openfoodfacts.org/produit/3175681028111/galettes-quinoa-et-boulghour-a-la-tomate-cereal-bio'),(3175681851849,'Gerblé','Biscuit Pomme Noisette','a','Franprix,Magasins U,Leclerc,E Leclerc,Delhaize','https://fr.openfoodfacts.org/produit/3175681851849/biscuit-pomme-noisette-gerble'),(3175681854482,'Gerblé','Confiture de fraises sans sucres ajoutés','a','Magasins U','https://fr.openfoodfacts.org/produit/3175681854482/confiture-de-fraises-sans-sucres-ajoutes-gerble'),(3176582033563,'Cœur de Lion','Coulommiers Doux et Crémeux','d','Leclerc','https://fr.openfoodfacts.org/produit/3176582033563/coulommiers-doux-et-cremeux-coeur-de-lion'),(3182180012190,'Brioche Pasquier,Pasquier','La Biscotte Equilibre (36 biscottes)','a','Carrefour Market, Magasins U','https://fr.openfoodfacts.org/produit/3182180012190/la-biscotte-equilibre-36-biscottes-brioche-pasquier'),(3228021170022,'President','Emmental Cœur de Meule','d','Leclerc,Magasins U','https://fr.openfoodfacts.org/produit/3228021170022/emmental-coeur-de-meule-president'),(3228021170039,'President','Camembert','d','Magasins U','https://fr.openfoodfacts.org/produit/3228021170039/camembert-president'),(3228021170053,'Président','La Bûche fondante','d','Magasins U','https://fr.openfoodfacts.org/produit/3228021170053/la-buche-fondante-president'),(3228857000166,'Harrys','Pain 100% mie complet','a','Magasins U, Delhaize','https://fr.openfoodfacts.org/produit/3228857000166/pain-100-mie-complet-harrys'),(3228857000647,'Harrys','Brioche tranchée nature','d','Magasins U,Carrefour','https://fr.openfoodfacts.org/produit/3228857000647/brioche-tranchee-nature-harrys'),(3228857000852,'Harrys','Pain 100% mie nature PT','b','Magasins U,Auchan,Netto','https://fr.openfoodfacts.org/produit/3228857000852/pain-100-mie-nature-pt-harrys'),(3228857000906,'Harrys','Pain AMS complet','b','Magasins U, Auchan, Delhaize','https://fr.openfoodfacts.org/produit/3228857000906/pain-ams-complet-harrys'),(3228886030011,'Lipton,Lipton ice tea','Ice Tea pêche','d','Cora Cafétéria,Lidl,Carrefour','https://fr.openfoodfacts.org/produit/3228886030011/ice-tea-peche-lipton'),(3228886048436,'Lipton','Ice Tea saveur Pêche','d','Magasins U,Intermarché','https://fr.openfoodfacts.org/produit/3228886048436/ice-tea-saveur-peche-lipton'),(3229820019307,'Bjorg','Flocons d’Avoine Complète BIO','a','Auchan,Leclerc,Magasins U,Carrefour Market','https://fr.openfoodfacts.org/produit/3229820019307/flocons-d-avoine-complete-bio-bjorg'),(3229820021027,'Bjorg','P\'tit Nature Complet','b','Magasins U,carrefour,leclerc','https://fr.openfoodfacts.org/produit/3229820021027/p-tit-nature-complet-bjorg'),(3229820100234,'Bjorg','Fourrés Chocolat noir BIO','d','Magasins U','https://fr.openfoodfacts.org/produit/3229820100234/fourres-chocolat-noir-bio-bjorg'),(3229820129488,'Bjorg','Muesli sans sucre ajouté* Bio','a','Géant Casino,Franprix,Magasins U','https://fr.openfoodfacts.org/produit/3229820129488/muesli-sans-sucre-ajoute-bio-bjorg'),(3229820160672,'Bjorg,Distribjorg Pays-Bas','Croustillant chocolat','c','Naturéo,Monoprix,Carrefour,Magasins U,Intermarché','https://fr.openfoodfacts.org/produit/3229820160672/croustillant-chocolat-bjorg'),(3229820782560,'Bjorg','Muesli Superfruits Raisin Cassis Cranberry Myrtille','a','Leclerc,Auchan,Magasins U','https://fr.openfoodfacts.org/produit/3229820782560/muesli-superfruits-raisin-cassis-cranberry-myrtille-bjorg'),(3242274000059,'Sodebo,salade & compagnie','Salade & Compagnie - Manhattan','b','Carrefour,Super U,Auchan,Magasins U,Cora,Elclerc,Intermarche','https://fr.openfoodfacts.org/produit/3242274000059/salade-compagnie-manhattan-sodebo'),(3242274001056,'Sodebo,salade & compagnie','Salade & Compagnie - Montmartre','a','Super U,Banque alimentaire,Magasins U','https://fr.openfoodfacts.org/produit/3242274001056/salade-compagnie-montmartre-sodebo'),(3242274002053,'Sodebo,salade & compagnie','Salade & Compagnie - Antibes','b','Banque alimentaire,Carrefour Market,Franprix,Magasins U','https://fr.openfoodfacts.org/produit/3242274002053/salade-compagnie-antibes-sodebo'),(3242274003050,'Sodebo','Salade & Compagnie - Roma','b','Auchan,Casino,Carrefour,Magasins U','https://fr.openfoodfacts.org/produit/3242274003050/salade-compagnie-roma-sodebo'),(3251490307002,'Gerblé','Goûter pépites de chocolat','c','Carrefour Market,Monoprix,Magasins U','https://fr.openfoodfacts.org/produit/3251490307002/gouter-pepites-de-chocolat-gerble'),(3251490332080,'Gerblé','Biscuits Figue et son','a','Franprix,Magasins U','https://fr.openfoodfacts.org/produit/3251490332080/biscuits-figue-et-son-gerble'),(3252210390014,'Lactel','Lait demi-écrémé avec Vitamine D','b','Bi1','https://fr.openfoodfacts.org/produit/3252210390014/lait-demi-ecreme-avec-vitamine-d-lactel'),(3256540000698,'Pasquier,Brioche Pasquier','Pains au lait au levain','d','Cora,Leclerc,Magasins U','https://fr.openfoodfacts.org/produit/3256540000698/pains-au-lait-au-levain-pasquier'),(3266980033613,'Le Gaulois','L\'escalope Cordon Bleu de Poulet x2','b','Franprix,Leclerc','https://fr.openfoodfacts.org/produit/3266980033613/l-escalope-cordon-bleu-de-poulet-x2-le-gaulois'),(3268840001008,'Cristaline','Cristaline','a','Sogeres,Holyday Inn Toulon','https://fr.openfoodfacts.org/produit/3268840001008/cristaline'),(3272770097642,'St Moret','Saint Môret','d','Cora, Magasins U','https://fr.openfoodfacts.org/produit/3272770097642/saint-moret-st-moret'),(3274080005003,'Cristaline','Eau de source','a','Carrefour,auchan,Leclerc','https://fr.openfoodfacts.org/produit/3274080005003/eau-de-source-cristaline'),(3281780887914,'Pierre Martinet','Mon Taboulé Oriental à l\'Huile d\'Olive','b','Casino,Magasins U','https://fr.openfoodfacts.org/produit/3281780887914/mon-taboule-oriental-a-l-huile-d-olive-pierre-martinet'),(3281780887938,'Pierre Martinet','Taboulé oriental à l\'huile d\'olive','c','Casino, Magasins U','https://fr.openfoodfacts.org/produit/3281780887938/taboule-oriental-a-l-huile-d-olive-pierre-martinet'),(3302745733029,'Fleury Michon','Le bâtonnet Moelleux - 30 bâtonnets','b','Magasins U','https://fr.openfoodfacts.org/produit/3302745733029/le-batonnet-moelleux-30-batonnets-fleury-michon'),(3392460480827,'Heudebert','Biscottes heudebert','c','Monoprix,Magasins U','https://fr.openfoodfacts.org/produit/3392460480827/biscottes-heudebert'),(3451790011245,'Elle & Vire','Beurre léger 41%','d','Magasins U','https://fr.openfoodfacts.org/produit/3451790011245/beurre-leger-41-elle-vire'),(3451790988677,'Elle & Vire','Le Beurre Tendre, doux','e','Franprix,Leclerc,Magasins U','https://fr.openfoodfacts.org/produit/3451790988677/le-beurre-tendre-doux-elle-vire'),(3451790988813,'Elle & Vire','Le beurre tendre demi-sel','e','Cora,Franprix,Magasins U','https://fr.openfoodfacts.org/produit/3451790988813/le-beurre-tendre-demi-sel-elle-vire'),(3480341000674,'Elle & Vire,Savencia','Carrée frais 0%','b','Magasins U','https://fr.openfoodfacts.org/produit/3480341000674/carree-frais-0-elle-vire'),(3502110009449,'Tropicana','Pur jus d\'orange sans pulpe','c','Magasins U','https://fr.openfoodfacts.org/produit/3502110009449/pur-jus-d-orange-sans-pulpe-tropicana'),(3523230028431,'Soignon','Fromage de chevre','d','Magasins U','https://fr.openfoodfacts.org/produit/3523230028431/fromage-de-chevre-soignon'),(3533631572006,'Candia,Sodiaal','GrandLait - Demi-écrémé','b','Leclerc,Cora','https://fr.openfoodfacts.org/produit/3533631572006/grandlait-demi-ecreme-candia'),(3564700309575,'Pêche Océan,Marque Repère','Batonnets savoureux boite','c','Leclerc','https://fr.openfoodfacts.org/produit/3564700309575/batonnets-savoureux-boite-peche-ocean'),(3600900011037,'Tipiak','quinoa','a','carrefour,Leclerc, Magasins U','https://fr.openfoodfacts.org/produit/3600900011037/quinoa-tipiak'),(3608580758686,'Bonne Maman','Confiture Fraises','d','Carrefour,Magasins U','https://fr.openfoodfacts.org/produit/3608580758686/confiture-fraises-bonne-maman'),(3608580823445,'Bonne Maman','Confiture fraise Intense','c','Intermarché, Magasins U','https://fr.openfoodfacts.org/produit/3608580823445/confiture-fraise-intense-bonne-maman'),(3608580823452,'Bonne Maman','Bonne maman abricot intense confiture moins sucree','c','Carrefour, Magasins U','https://fr.openfoodfacts.org/produit/3608580823452/bonne-maman-abricot-intense-confiture-moins-sucree'),(3760049790214,'La Boulangère Bio','Pain de mie Bio à la farine complète','b','carrefour market,Carrefour','https://fr.openfoodfacts.org/produit/3760049790214/pain-de-mie-bio-a-la-farine-complete-la-boulangere-bio'),(4056489007180,'Maître jean pierre','Spécial sandwich complet','a','lidl','https://fr.openfoodfacts.org/produit/4056489007180/special-sandwich-complet-maitre-jean-pierre'),(5000112611861,'Coca-Cola','Original taste','e','Super U','https://fr.openfoodfacts.org/produit/5000112611861/original-taste-coca-cola'),(5010477348357,'Jordans','Country Crisp 4 Noix','c','Auchan,Magasins U,Carrefour','https://fr.openfoodfacts.org/produit/5010477348357/country-crisp-4-noix-jordans'),(5010477348395,'Jordans','Country Crisp chocolat noir','c','U,Magasins U','https://fr.openfoodfacts.org/produit/5010477348395/country-crisp-chocolat-noir-jordans'),(5010477348630,'Jordans','Muesli Bio','b','Magasins U,france','https://fr.openfoodfacts.org/produit/5010477348630/muesli-bio-jordans'),(5010477348678,'Jordans','Muesli 30% fruits & noix céréales complètes','a','U,Magasins U,Auchan,Carrefour','https://fr.openfoodfacts.org/produit/5010477348678/muesli-30-fruits-noix-cereales-completes-jordans'),(5038862136075,'Innocent','Gazpacho','a','Magasins U','https://fr.openfoodfacts.org/produit/5038862136075/gazpacho-innocent'),(5410041001204,'LU','Biscuit salé Crackers TUC Original','d','Carrefour,Irma.dk,Magasins U,E.Leclerc,REWE','https://fr.openfoodfacts.org/produit/5410041001204/biscuit-sale-crackers-tuc-original-lu'),(5410188031072,'Alvalle','Gazpacho','a','Franprix,Magasins U','https://fr.openfoodfacts.org/produit/5410188031072/gazpacho-alvalle'),(5411188118961,'Alpro','Nature aux Amandes','a','Magasins U,Carrefour,Alcampo,Eroski,El Corte Inglés,Hipercor,Leclerc,Delhaize,Carrefour market','https://fr.openfoodfacts.org/produit/5411188118961/nature-aux-amandes-alpro'),(5449000000996,'Coca-Cola','Coca-Cola','e','Tesco,Auchan,Carrefour','https://fr.openfoodfacts.org/produit/5449000000996/coca-cola'),(7613034626844,'Nestlé','Chocapic','c','Auchan,Carrefour,Magasins U','https://fr.openfoodfacts.org/produit/7613034626844/chocapic-nestle'),(7613034897503,'Herta,Nestlé,Original Knacki','6 Original Knacki, 100 % Pur Porc','d','Carrefour market,Magasins U,Intermarché','https://fr.openfoodfacts.org/produit/7613034897503/6-original-knacki-100-pur-porc-herta'),(7613034926814,'Herta,Nestlé,Original Knacki','Knacki® Original 100 % Pur Porc','d','Carrefour, Magasins U','https://fr.openfoodfacts.org/produit/7613034926814/knacki-original-100-pur-porc-herta'),(7613035040823,'Nestlé,Nestlé dessert','Dessert Noir','e','Magasins U,Auchan','https://fr.openfoodfacts.org/produit/7613035040823/dessert-noir-nestle'),(7613035336100,'Herta,Le Bon Paris','Le Bon Paris à l\'Étouffée','c','Carrefour Market,Magasins U,Carrefour','https://fr.openfoodfacts.org/produit/7613035336100/le-bon-paris-a-l-etouffee-herta'),(7613035336131,'Herta','Le Bon Paris a l\'Etouffée','c','Carrefour,Magasins U','https://fr.openfoodfacts.org/produit/7613035336131/le-bon-paris-a-l-etouffee-herta'),(7613035530799,'Nestlé','Nesquik moins de sucre','d','Cora,Magasins U','https://fr.openfoodfacts.org/produit/7613035530799/nesquik-moins-de-sucre-nestle'),(7613035866386,'Contrex','Eau','a','Carrefour,Leclerc','https://fr.openfoodfacts.org/produit/7613035866386/eau-contrex'),(7613035974685,'Hépar','Hépar','a','Carrefour','https://fr.openfoodfacts.org/produit/7613035974685/hepar'),(7613035989443,'Herta','Le bon Paris','c','Magasins U','https://fr.openfoodfacts.org/produit/7613035989443/le-bon-paris-herta'),(7613035989535,'Herta','Le Bon Paris à l\'étouffée conservation sans nitrite','c','Magasins U,Leclerc','https://fr.openfoodfacts.org/produit/7613035989535/le-bon-paris-a-l-etouffee-conservation-sans-nitrite-herta'),(7613035989566,'Herta','Le bon paris','c','carrefour','https://fr.openfoodfacts.org/produit/7613035989566/le-bon-paris-herta'),(7613036024419,'Herta,Le Bon Paris','le Bon Paris','b','Magasins U','https://fr.openfoodfacts.org/produit/7613036024419/le-bon-paris-herta'),(7613036635837,'Herta','Blanc de Poulet Nature 4 tranches Sans Nitrite','c','Carrefour Market','https://fr.openfoodfacts.org/produit/7613036635837/blanc-de-poulet-nature-4-tranches-sans-nitrite-herta'),(7613036761420,'Herta','Allumettes fumées sans nitrite','e','carrefour','https://fr.openfoodfacts.org/produit/7613036761420/allumettes-fumees-sans-nitrite-herta'),(7622210449283,'LU,Mondelez','Prince: Goût Chocolat au Blé Complet','d','Carrefour Market,Magasins U,Auchan,Intermarché,Carrefour,Casino,Leclerc,Cora,Bi1','https://fr.openfoodfacts.org/produit/7622210449283/prince-gout-chocolat-au-ble-complet-lu'),(7622210601988,'LU,Mondelez','Granola','e','Dia,Leclerc,Magasins U,Carrefour,Casino,Intermarché,Auchan','https://fr.openfoodfacts.org/produit/7622210601988/granola-lu'),(7622210713780,'LU','Belvita chocolat et céréales complètes','c','Magasins U,Carrefour, Delhaize','https://fr.openfoodfacts.org/produit/7622210713780/belvita-chocolat-et-cereales-completes-lu'),(7622210713889,'Lu','Belvita Petit-Déjeuner / Miel et Pépites de chocolat','d','Magasins U','https://fr.openfoodfacts.org/produit/7622210713889/belvita-petit-dejeuner-miel-et-pepites-de-chocolat-lu'),(8000430138719,'Galbani','Mozzarella','c','Magasins U,Cora,Carrefour','https://fr.openfoodfacts.org/produit/8000430138719/mozzarella-galbani'),(8000500310427,'Nutella,Ferrero,Nutella Biscuits','Nutella biscuits','e','Super U,Intermarchė','https://fr.openfoodfacts.org/produit/8000500310427/nutella-biscuits');
/*!40000 ALTER TABLE `products` ENABLE KEYS */;
UNLOCK TABLES;
/*!40103 SET TIME_ZONE=@OLD_TIME_ZONE */;

/*!40101 SET SQL_MODE=@OLD_SQL_MODE */;
/*!40014 SET FOREIGN_KEY_CHECKS=@OLD_FOREIGN_KEY_CHECKS */;
/*!40014 SET UNIQUE_CHECKS=@OLD_UNIQUE_CHECKS */;
/*!40101 SET CHARACTER_SET_CLIENT=@OLD_CHARACTER_SET_CLIENT */;
/*!40101 SET CHARACTER_SET_RESULTS=@OLD_CHARACTER_SET_RESULTS */;
/*!40101 SET COLLATION_CONNECTION=@OLD_COLLATION_CONNECTION */;
/*!40111 SET SQL_NOTES=@OLD_SQL_NOTES */;

-- Dump completed on 2020-01-22 16:46:57
